[
  {
    "name": "Archie Parker",
    "image": "images/avatar/1.jpg"
  },
  {
    "name": "Huss Parker",
    "image": "images/avatar/2.jpg"
  },
  {
    "name": "Time D Parker",
    "image": "images/avatar/3.jpg"
  },
  {
    "name": "Live Chat Parker",
    "image": "images/avatar/4.jpg"
  },
  {
    "name": "Archie Sing",
    "image": "images/avatar/5.jpg"
  },
  {
    "name": "Jan Parker",
    "image": "images/avatar/1.jpg"
  },
  {
    "name": "Life Sing",
    "image": "images/avatar/2.jpg"
  },
  {
    "name": "Archie Parker",
    "image": "images/avatar/3.jpg"
  },
  {
    "name": "Archie Parker",
    "image": "images/avatar/4.jpg"
  },
  {
    "name": "Archie Parker",
    "image": "images/avatar/5.jpg"
  },
  {
    "name": "Archie Parker",
    "image": "images/avatar/1.jpg"
  },
  {
    "name": "Archie Parker",
    "image": "images/avatar/2.jpg"
  },
  {
    "name": "Archie Parker",
    "image": "images/avatar/3.jpg"
  },
  {
    "name": "Archie Parker",
    "image": "images/avatar/4.jpg"
  },
  {
    "name": "Sam Parker",
    "image": "images/avatar/5.jpg"
  }
]
