[
  {
    "Medicine Name": "Paracetamol",
    "Brand": "Tylenol",
    "Manufacturer": "Johnson & Johnson",
    "Manufacture Date": "2022-07-23",
    "Expiry Date": "2024-09-14",
    "Code": "MED001",
    "Company Email": "contact@jnj.com",
    "Discount": "10%",
    "Manufacture Address": "1 Johnson And Johnson Plaza, New Brunswick, NJ",
    "Price": "$5",
    "Quantity": "100",
    "Current Location Address": "123 Main St, Springfield",
    "Mobile": "+1-555-123-4567",
    "EmailID": "info@tylenol.com",
    "Description": "Pain reliever and a fever reducer."
  },
  {
    "Medicine Name": "Ibuprofen",
    "Brand": "Advil",
    "Manufacturer": "Pfizer",
    "Manufacture Date": "2022-10-12",
    "Expiry Date": "2024-11-23",
    "Code": "MED002",
    "Company Email": "contact@pfizer.com",
    "Discount": "15%",
    "Manufacture Address": "235 E 42nd St, New York, NY",
    "Price": "$7",
    "Quantity": "200",
    "Current Location Address": "456 Oak Ave, Riverdale",
    "Mobile": "+1-555-234-5678",
    "EmailID": "info@advil.com",
    "Description": "Nonsteroidal anti-inflammatory drug (NSAID)."
  },
  {
    "Medicine Name": "Aspirin",
    "Brand": "Bayer",
    "Manufacturer": "Bayer AG",
    "Manufacture Date": "2022-05-16",
    "Expiry Date": "2024-07-22",
    "Code": "MED003",
    "Company Email": "contact@bayer.com",
    "Discount": "20%",
    "Manufacture Address": "51368 Leverkusen, Germany",
    "Price": "$4",
    "Quantity": "150",
    "Current Location Address": "789 Pine Rd, Lakeside",
    "Mobile": "+1-555-345-6789",
    "EmailID": "info@bayer.com",
    "Description": "Used to reduce pain, fever, or inflammation."
  },
  {
    "Medicine Name": "Amoxicillin",
    "Brand": "Amoxil",
    "Manufacturer": "GlaxoSmithKline",
    "Manufacture Date": "2022-03-10",
    "Expiry Date": "2024-08-18",
    "Code": "MED004",
    "Company Email": "contact@gsk.com",
    "Discount": "5%",
    "Manufacture Address": "980 Great West Road, Brentford, UK",
    "Price": "$10",
    "Quantity": "300",
    "Current Location Address": "321 Birch St, Meadowville",
    "Mobile": "+1-555-456-7890",
    "EmailID": "info@amoxil.com",
    "Description": "Antibiotic used to treat a number of bacterial infections."
  },
  {
    "Medicine Name": "Lisinopril",
    "Brand": "Zestril",
    "Manufacturer": "AstraZeneca",
    "Manufacture Date": "2022-02-08",
    "Expiry Date": "2024-11-03",
    "Code": "MED005",
    "Company Email": "contact@astrazeneca.com",
    "Discount": "12%",
    "Manufacture Address": "1 Francis Crick Ave, Cambridge, UK",
    "Price": "$8",
    "Quantity": "250",
    "Current Location Address": "654 Maple Ln, Greenfield",
    "Mobile": "+1-555-567-8901",
    "EmailID": "info@zestril.com",
    "Description": "Used to treat high blood pressure and heart failure."
  },
  {
    "Medicine Name": "Metformin",
    "Brand": "Glucophage",
    "Manufacturer": "Merck",
    "Manufacture Date": "2022-11-22",
    "Expiry Date": "2024-06-15",
    "Code": "MED006",
    "Company Email": "contact@merck.com",
    "Discount": "18%",
    "Manufacture Address": "2000 Galloping Hill Rd, Kenilworth, NJ",
    "Price": "$6",
    "Quantity": "400",
    "Current Location Address": "987 Elm St, Brookfield",
    "Mobile": "+1-555-678-9012",
    "EmailID": "info@glucophage.com",
    "Description": "Used to treat type 2 diabetes."
  },
  {
    "Medicine Name": "Atorvastatin",
    "Brand": "Lipitor",
    "Manufacturer": "Pfizer",
    "Manufacture Date": "2022-04-30",
    "Expiry Date": "2024-09-12",
    "Code": "MED007",
    "Company Email": "contact@pfizer.com",
    "Discount": "10%",
    "Manufacture Address": "235 E 42nd St, New York, NY",
    "Price": "$12",
    "Quantity": "500",
    "Current Location Address": "147 Cedar Blvd, Hilltop",
    "Mobile": "+1-555-789-0123",
    "EmailID": "info@lipitor.com",
    "Description": "Used to lower cholesterol and triglyceride levels."
  },
  {
    "Medicine Name": "Omeprazole",
    "Brand": "Prilosec",
    "Manufacturer": "AstraZeneca",
    "Manufacture Date": "2022-08-01",
    "Expiry Date": "2024-12-30",
    "Code": "MED008",
    "Company Email": "contact@astrazeneca.com",
    "Discount": "8%",
    "Manufacture Address": "1 Francis Crick Ave, Cambridge, UK",
    "Price": "$9",
    "Quantity": "350",
    "Current Location Address": "258 Oakwood Dr, Fairview",
    "Mobile": "+1-555-890-1234",
    "EmailID": "info@prilosec.com",
    "Description": "Used to treat gastroesophageal reflux disease (GERD)."
  },
  {
    "Medicine Name": "Amlodipine",
    "Brand": "Norvasc",
    "Manufacturer": "Pfizer",
    "Manufacture Date": "2022-09-14",
    "Expiry Date": "2024-10-20",
    "Code": "MED009",
    "Company Email": "contact@pfizer.com",
    "Discount": "12%",
    "Manufacture Address": "235 E 42nd St, New York, NY",
    "Price": "$11",
    "Quantity": "450",
    "Current Location Address": "369 Spruce St, Clearfield",
    "Mobile": "+1-555-901-2345",
    "EmailID": "info@norvasc.com",
    "Description": "Used to treat high blood pressure and angina."
  },
  {
    "Medicine Name": "Simvastatin",
    "Brand": "Zocor",
    "Manufacturer": "Merck",
    "Manufacture Date": "2022-06-07",
    "Expiry Date": "2024-08-25",
    "Code": "MED010",
    "Company Email": "contact@merck.com",
    "Discount": "14%",
    "Manufacture Address": "2000 Galloping Hill Rd, Kenilworth, NJ",
    "Price": "$13",
    "Quantity": "600",
    "Current Location Address": "258 Lakeview Ave, Seaside",
    "Mobile": "+1-555-123-5678",
    "EmailID": "info@zocor.com",
    "Description": "Used to lower cholesterol and reduce risk of heart disease."
  }
]
